Company,Fiscal Year,Total Revenue,Net Income,Total Assets,Total Liabilities,CFO,Total Revenue Growth (%),Net Income Growth (%),Total Assets Growth (%),Total Liabilities Growth (%),CFO Growth (%)
MSFT,2024,245122,88136,512163,293743,118552,,,,,
MSFT,2023,211915,72738,411976,205753,87582,-13.547131632411613,-17.47072705818281,-19.56154583599362,-29.954756368662405,-26.123557594979417
MSFT,2022,198270,72738,364840,191791,89035,-6.438902390109247,0.0,-11.441443190865485,-6.78580628228993,1.6590166929277617
TSLA,2024,96773,14997,118758,48922,15475,,,,,
TSLA,2023,96773,14997,106618,44802,13256,0.0,0.0,-10.22246922312602,-8.421569028249055,-14.339256865912764
TSLA,2022,81462,12556,82338,36440,14724,-15.821561799262195,-16.276588651063552,-22.772890131122324,-18.66434534172582,11.07423053711527
AAPL,2024,383285,93736,451176,309259,110543,,,,,
AAPL,2023,383285,96995,414089,290437,110543,0.0,3.4767858666894247,-8.220073762788804,-6.086160790793482,0.0
AAPL,2022,394328,99803,352755,302083,122151,2.8811458836114134,2.894994587349853,-14.811791667974761,4.009819685508398,10.500891055969163
